tic,RA,Dec,dist,pmRA,pmDec,Tmag,ContRatio,SpT,CommonName,MKType,SimbadOType,SimbadSpT,teff,lum,SpecSource,Gal,w1mag,w2mag,w3mag,w4mag,RA_tic,Dec_tic,source_id,n_sectors
179437520,79.9719471545018,-68.0676922926452,0.0910190192975715,1.59304,0.20559,9.854,,RSG,SV* HV  2450,M1,V*,M1,3.5734518220354854,5.316,N,LMC,6.841,6.993,6.134,4.754,79.9719291666667,-68.0677166666667,4658722752228316160,12
404965649,85.3739607280804,-69.4158716709785,0.0607846121390063,1.78826,0.708052,11.0373,,RSG,CPD-69   502,,Em*,B6I,3.578295305120826,4.93,N,LMC,8.013,8.161,7.247,5.391,85.3740083333333,-69.4158694444445,4657625263503324544,11
40185978,76.9685374986588,-70.4346413210691,0.160504337909509,2.1404,0.2160679999999999,11.107,,RSG,SK -70   80,M0,multiple_object,B8Iab+M0,3.5871494982543437,4.887,N,LMC,8.254,8.398,8.099,7.782,76.9684875,-70.4346,4652070290243179776,12
181445828,13.7657197667409,-73.0102600633721,0.2365341080861289,0.7977989999999999,-1.26555,11.0965,,YSG,PMMR  74,G6Ia-Iab,YellowSG*,G6Ia-Iab,3.603,5.027,N,SMC,8.741,8.825,8.492,8.396,,,4685961808462981248,1
182735393,15.655493915862902,-72.2736146370511,0.0856188716343298,0.942084,-1.16347,11.1242,,YSG,PMMR 135,G6.5Ia-Iab,YellowSG*,G6.5Ia-Iab,3.603,4.967,N,SMC,8.807,8.863,8.588,8.536,,,4687498998758427520,1
181446521,13.2872572696366,-72.4940827630501,0.0982628284235809,0.64557,-1.28322,10.5294,,YSG,LIN 235,K3  Ia,RedSG*,M0Ia,3.604,5.219,N,SMC,8.157,8.136,7.689,6.962,,,4689004883041968384,2
277173427,84.20622963249549,-69.4603692590114,0.1438749644714129,1.70508,0.631595,11.9196,,RSG,OGLE BRIGHT-LMC-MISC-498,,Star,,3.6040099324122306,4.485,N,LMC,9.398,9.58,9.209,8.199,84.2062916666667,-69.4604027777778,4657656977543417344,12
181453967,13.6119890003896,-72.88329048091941,0.2478703112206139,0.693505,-1.22539,11.6794,,YSG,PMMR  67,G7.5Iab,YellowSG*,G7.5Iab,3.605,4.844,N,SMC,9.239,9.357,8.603,8.223,,,4685978198050211584,2
182300254,15.2255792058644,-72.86019235652459,0.0491626231371312,0.840859,-1.19681,10.7268,,YSG,PMMR 116,G4  Ia,RedSG*,G4-K1Ia-Iab,3.607,5.094,N,SMC,8.367,8.304,7.885,7.441,,,4685923669156145536,1
425084797,82.8674483231918,-67.056357787794,0.0986103846831908,1.42234,0.611541,11.0698,,YSG,SP77  45-54,,Star,M,3.612,4.89,N,LMC,8.764,8.927,8.016,7.032,,,4660161050897498496,10
182293477,14.966148578171,-72.726445628655,0.0598309461714886,0.830513,-1.09303,11.776,,RSG,PMMR 103,KM,Candidate_RSG*,K/M,3.614580866997486,4.683,N,SMC,9.423,9.564,9.235,8.48,14.966125,-72.7264305555556,4685975758520947200,1
231798010,78.2853576716088,-70.1395572554551,0.108215187716142,1.9569,-0.00528341,11.6512,,YSG,SP77  39-16,,Star,K5-M3,3.618,4.624,N,LMC,9.383,9.541,9.172,8.77,,,4652183299421645568,12
181453919,13.440697566886598,-72.8941685670828,0.131604008195167,0.714687,-1.20555,11.6728,,YSG,PMMR  58,G5.5Iab,RedSG*,G5.5-K0Iab,3.62,4.756,N,SMC,9.475,9.551,9.197,8.942,,,4685955486272265984,2
276860287,83.25736452750691,-66.80148506129349,0.113191306310124,1.52446,0.6825359999999999,11.5183,,YSG,RM 1-586,,LPV*,M:,3.628,4.629,N,LMC,9.472,9.626,9.367,8.92,,,4660261828009989888,10
179576115,80.4457437277087,-71.328862782874,0.2767926872917199,2.01293,0.137297,9.9949,,YSG,SP77  48-6,,Star,M,3.63,5.245,N,LMC,7.861,7.764,6.422,5.36,,,4651769406346606976,13
276864159,83.68030018859609,-67.06957314351979,0.0946807472648999,1.50237,0.5619310000000001,10.5025,,YSG,2MASS J05344326-6704104,,Star,,3.63,5.038,N,LMC,8.352,8.472,7.971,7.335,,,4660152083005206272,10
373606593,81.13513752414141,-68.4985303697929,0.167186413251134,1.57123,0.425839,11.8277,,YSG,SP77  46-10,,Star,M,3.631,4.542,N,LMC,9.647,9.824,8.973,7.664,,,4658512741193326720,12
181660065,14.1101336761371,-73.4731413760645,0.035079129773556,0.598909,-1.16964,11.5594,,RSG,SV* HV  1685,K4Ia-Iab,RedSG*,K4Ia-Iab,3.631849462159818,4.694,N,SMC,9.296,9.295,8.771,8.118,14.1101625,-73.4731361111111,4685702323711912320,1
40716825,78.5786347030591,-67.263712237037,0.144428235363994,1.56102,0.209813,10.8872,,YSG,SP77  37-33,,Star,K5-M3,3.632,4.901,N,LMC,8.775,8.952,8.645,8.57,,,4658831844404939776,11
181051257,13.148566860057,-72.8514678187325,0.0727181856206101,0.742582,-1.13406,11.8152,,YSG,SkKM  94,K0:III:,Candidate_RSG*,K/M,3.633,4.677,N,SMC,9.626,9.733,9.503,8.82,,,4685959338924700288,2
287400445,82.50946499305141,-67.0458544298004,0.141395161986728,1.59102,0.319944,9.8284,,YSG,[W60] D17,K5 I,Star,K5I,3.637,5.298,N,LMC,7.751,7.792,7.087,6.013,,,4660207333470081408,11
231743198,78.0723527042669,-67.2984582916733,0.098369303395349,1.52612,0.116848,10.9625,,YSG,SP77  37-19,,Star,K5-M3,3.638,4.859,N,LMC,8.925,9.091,8.763,8.546,,,4661833717300633856,12
30855727,76.056512,-66.43293100000001,0.0544140909009302,6.9,-1.6,11.689,,YSG,HD  33294,,Star,,3.638,4.356,N,LMC,,,,,,,4662023005117013760,13
30322273,74.2059766903833,-69.8087528906356,0.167795841930862,1.86113,-0.158191,10.7841,,YSG,RM 1-77,,Star,M:,3.645,4.927,N,LMC,8.779,8.959,8.668,8.123,,,4655159746116981504,12
181878924,14.487013463105,-73.56215193995541,0.149765604722826,0.431878,-1.06324,11.5522,,YSG,[M2002] SMC  41799,G1Ia-Iab,YellowSG*,G1Ia-Iab,3.647,4.749,N,SMC,9.725,9.709,9.467,8.627,,,4685697380231799296,1
30189775,73.6535170498711,-69.33949428585011,0.108955548875201,1.89072,-0.0410161999999999,9.4907,,YSG,SP77  31-16,,Star,,3.65,5.478,N,LMC,7.255,7.299,6.765,5.525,,,4655456756015488000,13
40603917,77.9669973610032,-67.1660394335256,0.176015860894887,1.55205,0.179161,11.7357,,YSG,SK -67   57,B2III,Star,B2III,3.656,4.519,N,LMC,9.91,10.055,10.006,9.338,,,4661839214858712064,22
276793048,83.2918269129867,-67.7332423371234,0.0869218546137867,1.4699,0.455551,11.3497,,YSG,[BE74] 356,,Em*,,3.658,4.749,N,LMC,9.285,9.156,8.69,6.908,,,4660117306608575488,12
267547804,10.4310350253922,-73.7233019400113,0.0376611413180439,0.629674,-1.12828,11.0843,,YSG,V* BZ Tuc,G0Iab,YellowSG*,G0Iab,3.663,4.976,N,SMC,9.528,9.566,9.615,8.8,,,4685821487608191104,2
277101162,84.0047633752052,-66.8449301036326,0.0549893701261804,1.46228,0.8207459999999999,11.6307,,YSG,UCAC2   2515786,,Star,K4III,3.665,4.584,N,LMC,9.906,10.026,9.804,9.265,,,4660251348288638848,11
181446366,13.979493018010302,-72.6751592303166,0.0736106767998839,0.783269,-1.2815,10.9246,,YSG,[VA82] II-2,G6  Ia,YellowSG*,G1-G6Ia-Iab,3.665,4.999,N,SMC,9.183,9.16,8.94,8.713,,,4685985658488302592,1
425058250,82.84077296571701,-70.95708574256,0.129760336320491,1.94402,0.610876,11.9986,,YSG,HD 269680,K5,deltaCep,K5,3.666,4.438,N,LMC,10.318,10.385,10.191,9.248,,,4651842008477556992,11
31013470,76.5368989690394,-71.2572553987598,0.137769295316528,2.11387,0.0378047,11.9885,,YSG,SV* HV  2338,,deltaCep,,3.677,4.348,N,LMC,10.468,10.572,10.326,8.902,,,4651641759909771392,11
179435530,79.8771056266732,-68.6860340315677,0.1259387167235399,1.62505,0.343423,11.0486,,YSG,SV* HV  2447,G1Ia?,deltaCep,G1Ia?,3.678,4.703,N,LMC,9.399,9.435,9.475,8.711,,,4658325789850642048,12
30526897,75.0315195821143,-68.4500179118402,0.166508351594673,1.78486,-0.0427505,11.1963,,YSG,SV* HV   883,G0Ia,deltaCep,F8/G0Ia,3.68,4.841,N,LMC,9.254,9.193,7.647,6.717,,,4661326189635227648,14
279958567,82.11633413965791,-69.2159485799427,0.11489241094371,1.69843,0.5550430000000001,9.9157,,YSG,SK -69  148,G2Ia,YellowSG*,G2Ia,3.684,5.27,N,LMC,8.128,7.893,7.039,6.03,,,4658056168985153152,12
404850274,85.0506962218809,-69.6680146949321,0.0494748046107853,1.71767,0.691703,9.2671,,YSG,HD 269953,G0,YellowSG*,G0_0,3.692,5.437,N,LMC,7.271,6.638,4.063,1.214,,,4657639114815408896,23
277174595,84.10496607894841,-69.6920942264639,0.0403917579293464,1.6533799999999998,0.506041,11.0938,,YSG,MACHO  81.9124.8,,V*,K2III,3.694,4.775,N,LMC,9.465,9.363,8.905,6.997,,,4657277066293133056,12
425083216,83.1040199638242,-67.69822537527929,0.0295413004329299,1.41845,0.339418,7.7019,,YSG,HD 269723,K5,YellowSG*,G4_0,3.702,5.6,N,LMC,7.343,7.275,6.212,1.578,,,4658617199111762560,11
40716446,78.4736285331073,-67.06345776119579,0.1647525974556629,1.60012,0.2731369999999999,11.584,,YSG,SV* HV  2369,F/G,deltaCep,F5?I?,3.705,4.58,N,LMC,10.389,10.44,9.87,8.473,,,4658929254268139904,11
404850155,85.08063629467291,-69.689626977234,0.0588359109824206,1.88856,0.6768489999999999,11.8368,,YSG,2MASS J05401935-6941226,,Star,,3.706,4.524,N,LMC,10.276,10.257,10.851,7.177,,,4657639011736237568,11
179437523,80.0090824756515,-68.06339429062,0.0582268381244663,1.58226,0.211451,11.0744,,YSG,HD 269374,M0,Star,M0,3.711,4.761,N,LMC,9.716,9.601,9.605,9.926,,,4658745498377157248,12
404934011,85.2417038637552,-69.2315800000532,0.1013845877771619,1.7365400000000002,0.611039,10.0579,,YSG,2MASS J05405799-6913537,,Star,,3.712,4.79,N,LMC,9.599,9.558,9.397,9.536,,,4657633857768776192,10
389564663,86.2107350763587,-67.4945887127146,0.0282476133827489,1.4598799999999998,0.7881090000000001,11.0319,,YSG,HD 270100,G5,deltaCep,G2:Ia,3.717,4.783,N,LMC,9.709,9.697,9.672,9.322,,,4659422866270932352,10
179583146,80.6904010434336,-69.8476853275211,0.0745410076902913,1.88167,0.4380439999999999,11.1263,,YSG,2MASS J05224569-6950516,,Candidate_YSO,,3.718,4.812,N,LMC,9.649,9.615,7.518,5.017,,,4657972816653308800,12
277103906,84.1966534632497,-66.7627794701853,0.1135343045000989,1.51579,0.606941,10.0241,,YSG,HD 269879,K0,YellowSG*,G2Ia,3.733,5.207,N,LMC,8.767,8.65,8.551,8.076,,,4660276052906311296,10
30267198,74.16670545257341,-69.6989877183235,0.163144594877515,1.88247,-0.1319,11.1169,,YSG,HD 268828,K5,Star,K5,3.742,4.804,N,LMC,9.869,9.851,9.749,9.175,,,4655166583704915200,12
31017334,76.4921891850801,-70.5348947657862,0.0312294243119077,1.96147,-0.0115807,10.2617,,YSG,HD 269070,K5,Star,K5,3.742,5.137,N,LMC,9.003,8.978,8.872,9.05,,,4652065896529482112,12
31183609,76.8166156257229,-68.8834852569075,0.109626331553015,1.67115,0.0841921,11.4387,,YSG,V* TT Dor,,deltaCep,,3.745,4.711,N,LMC,10.144,10.151,10.12,9.294,,,4661266399338865408,13
181042381,12.6403512563099,-73.2569268505959,0.0411049513816938,0.5891390000000001,-1.17942,11.2638,,YSG,ISO-MCMS J005033.7-731524,,Candidate_SG*,,3.747,4.873,N,SMC,9.865,9.844,9.628,9.361,,,4685929269782785920,2
30527145,74.9314561993195,-68.52299438924851,0.108914919220903,1.75597,-0.0416912,10.8201,,YSG,HD 268865,K0,Star,K0,3.748,4.885,N,LMC,9.696,9.686,9.62,9.517,,,4661327323506601344,12
40404470,77.29420213149241,-69.6033901712571,0.1821014202051739,2.0805700000000003,0.252252,10.038,,YSG,HD 269110,K0,Star,G0I:,3.75,5.251,N,LMC,8.786,8.681,8.569,8.241,,,4652214880388720000,24
30031510,72.9921557890282,-69.4260628316674,0.117683942543488,1.88796,-0.079326,9.1944,,YSG,HD 268718,B,BlueSG*,B9Ieq,3.763,5.0,N,LMC,9.366,9.22,8.917,7.001,,,4655370478713841280,13
391745696,82.7153377582073,-67.02821179807421,0.162591967854909,1.52965,0.5458310000000001,11.9956,,YSG,SOI 228,F:Ib,Star,F:Ib,3.767,4.435,N,LMC,11.005,11.014,10.978,9.78,,,4660208089384520192,11
180618091,11.7212961455554,-72.7143713894738,0.1521561745509669,0.692415,-1.24756,11.6414,,YSG,OGLE SMC-CEP-921,G0Iab,YellowSG*,G0Iab,3.771,4.804,N,SMC,10.146,10.164,10.049,8.864,,,4688974886982934016,2
183495106,18.8521971767637,-73.5123328899415,0.1032232265853869,0.952235,-1.12003,11.5128,,YSG,Flo 675,F5V,Candidate_YSG*,F2I,3.771,4.788,N,SMC,10.369,10.359,10.238,9.359,,,4686402884416320768,2
181043309,12.6199865185871,-72.75255906970409,0.032636533781191,0.802014,-1.17746,11.2095,,YSG,SV* HV   829,F8,deltaCep,G0Ib,3.771,4.968,N,SMC,9.828,9.827,9.855,9.023,,,4688965399355605120,2
404965397,85.2464222320068,-69.3431768694603,0.0587461066924671,1.77532,0.611943,10.9168,,YSG,CPD-69   496,F6Ia,YellowSG*,F6Ia,3.772,4.99,N,LMC,9.6,9.571,9.792,9.283,,,4657625783228777856,11
40345470,77.28620014653579,-68.98539463522471,0.119948130800524,1.83635,0.0449914,11.8732,,YSG,[BB69] LMC  4,,Star,,3.773,4.573,N,LMC,10.674,10.684,11.261,9.565,,,4661261245378112768,13
181446812,13.427689771737,-72.2871209095278,0.178578477076756,0.800347,-1.1435,11.4897,,YSG,SV* HV   834,F8Ia,deltaCep,F2Ib,3.777,4.859,N,SMC,10.119,10.155,10.047,8.604,,,4689057414725777152,2
31181424,76.61445983339709,-68.51124098831589,0.1769639492184489,1.61209,-0.0557881,11.6492,,YSG,LHA 120-S  80,B8Ie,Em*,B8Ie,3.778,4.625,N,LMC,10.465,10.262,9.608,8.039,,,4661290764764683776,12
389365864,85.53888779015209,-68.45865498173549,0.0924002912736521,1.68987,0.7428,11.3647,,YSG,HD 270025,A,Star,F8I:,3.781,4.73,N,LMC,10.362,10.351,10.299,9.842,,,4657774934532828928,11
179639601,80.5768527103237,-66.9164084907069,0.0756812891545065,1.44212,0.3755989999999999,11.7341,,YSG,SOI  49,F6:Ia,Star,F8Ib,3.784,4.595,N,LMC,10.677,10.673,10.626,9.736,,,4660399644912771456,11
30266478,73.8852457259417,-69.9625237755898,0.13785320772359,1.87184,-0.0776852,9.5891,,YSG,HD 268819,F8,YellowSG*,F5Ia,3.784,5.381,N,LMC,8.706,8.674,8.529,8.437,,,4655136518933846784,11
29984014,72.73273606034921,-69.4312513304874,0.0353944851400487,1.83265,-0.114001,10.4649,,YSG,HD 268687,F2,YellowSG*,F6Ia,3.784,5.169,N,LMC,9.225,9.15,8.963,9.049,,,4655369585360613120,25
277105522,84.14351106716109,-67.6753718347952,0.0414657202485547,1.49239,0.5866600000000001,11.9552,,YSG,HD 269868,F8,Star,F8I:,3.786,4.537,N,LMC,10.833,10.833,10.55,8.975,,,4659358544827437952,12
179309868,79.66108562342559,-69.7629714767216,0.158531559783168,1.95166,0.2289,10.93,,YSG,HD 269355,F5,YellowSG*,F6Ia,3.787,4.941,N,LMC,9.799,9.816,9.857,10.013,,,4658145061924705536,12
277171889,84.1794754032055,-69.1482469673241,0.0917285645694631,1.7677,0.647263,11.0487,,YSG,HD 269860,A3,SG*,A3Ia,3.787,4.877,N,LMC,9.89,9.837,8.4,6.332,,,4657690890613081344,11
279957640,82.0740488089146,-69.0718194053827,0.0667600435004105,1.58399,0.415977,11.1421,,YSG,SK -69  145,A3Ia+,Star,F0I,3.787,4.828,N,LMC,10.089,10.036,9.519,8.285,,,4658105788836255360,11
404769646,84.7747096030101,-69.2741033386372,0.0885189692106939,1.80832,0.733595,11.7147,,YSG,SK -69  250,A0Ip,Star,B7I,3.791,4.623,N,LMC,10.654,10.67,11.09,7.359,,,4657676944892556416,12
277108449,84.0420066193105,-68.9281290230183,0.1759564632464769,1.48695,0.6823170000000001,10.132,,YSG,HD 269840,G0,YellowSG*,F3Ia,3.791,5.335,N,LMC,8.839,8.786,8.577,8.336,,,4657702886498144256,19
181446808,13.339206550689,-72.2879781366235,0.1289181046228169,0.8362350000000001,-1.26465,11.9169,,YSG,TYC 9138-1910-1,F0I,Candidate_YSG*,F0I,3.792,4.662,N,SMC,10.913,10.903,10.862,9.083,,,4689057346006300544,2
277300045,84.53992899164001,-69.1059214609078,0.0714366590649896,1.7065400000000002,0.627754,9.7899,,YSG,HD 269902,A1Ia+,SG*,A1Ia+,3.793,5.352,N,LMC,8.687,8.609,9.188,4.947,,,4657680513972093952,22
425083794,82.9100952351832,-67.4698781666646,0.0833673531612897,1.43947,0.5013850000000001,9.9394,,YSG,HD 269697,G0,YellowSG*,F6Ia,3.797,5.278,N,LMC,9.091,9.07,8.967,8.687,,,4660124762671796096,11
181880034,14.5094866987785,-72.299040366117,0.0941603939226912,0.624266,-1.17723,11.4455,,YSG,AzV 197,F5,YellowSG*,F2Ia,3.801,4.852,N,SMC,10.352,10.364,10.298,9.316,,,4689002851458876800,1
391812839,82.71448149725059,-69.04960867503101,0.1127826948545009,1.50922,0.533875,10.4961,,YSG,HD 269662,B:,SG*,A0Ia,3.807,5.179,N,LMC,9.323,9.233,8.403,6.106,,,4658431553453824256,12
373846742,81.6083291028855,-66.2031900663397,0.142474372628772,1.62493,0.465217,10.6203,,YSG,SK -66   94,A2I,Star,A2I,3.808,4.626,N,LMC,10.787,10.756,11.669,9.518,,,4660530899105311360,12
179206253,79.5076375671546,-69.5604903171083,0.0942985406016343,1.77218,0.290754,10.1142,,YSG,HD 269331,G0,Candidate_YSG*,A5Ia0,3.81,5.307,N,LMC,8.864,8.821,8.915,7.669,,,4658170969235232640,23
404852217,85.10567969187821,-69.2434012435933,0.082747490032507,1.77489,0.762549,11.0954,,YSG,CPD-69   485,A2Ia,SG*,A5Ia,3.811,4.854,N,LMC,10.226,10.18,10.892,9.283,,,4657675050764209664,11
279957197,82.0915285879148,-68.9967412574701,0.0778242841200092,1.69595,0.294557,11.1347,,YSG,EM* MWC  112,F5Ia,YellowSG*,F5Ia,3.811,4.898,N,LMC,10.134,10.113,10.192,9.647,,,4658481409442931072,12
277108350,84.13491607625849,-68.9004642039944,0.17922265483889,1.48306,0.660438,10.1829,,YSG,HD 269857,G0,SG*,A9Ia,3.82,5.331,N,LMC,9.039,8.988,8.776,8.395,,,4657700412597025408,11
30931197,76.0621200548818,-67.2514595927276,0.0847601041250823,1.71393,-0.0296127,10.9034,,YSG,HD 268939,B,Candidate_BSG*,B:Ie,3.821,4.879,N,LMC,10.283,10.137,9.673,8.727,,,4661879003439588352,11
389368279,85.62153509055159,-67.3283227137705,0.0624399604224282,1.64542,0.689675,10.4662,,YSG,HD 270050,G0,YellowSG*,F6Ia,3.821,5.132,N,LMC,9.649,9.625,9.565,9.035,,,4659428810505409408,10
404934120,85.2408770700883,-69.2586504176052,0.0695118760697376,1.64553,0.3326639999999999,9.1333,,YSG,HD 269982,B,SG*,A3Ia,3.83,5.145,N,LMC,9.582,9.54,9.425,9.091,,,4657627947893085184,10
391815407,82.7086732253957,-69.5248301567369,0.0989860247744624,1.7006,-0.348024,10.2902,,YSG,HD 269661,B,SG*,A0Ia0e:,3.83,5.135,N,LMC,9.622,9.57,9.145,7.533,,,4658042120182156800,11
404851968,85.08853177571879,-69.3115828412481,0.0404520763861327,1.7662,0.5793470000000001,10.4914,,YSG,TYC 9163-462-1,,Star,,3.83,4.559,N,LMC,11.028,11.011,8.95,6.019,,,4657672993522793984,10
182730122,15.6793435301479,-72.1238812230769,0.0636102127592581,0.677901,-1.15622,11.3007,,YSG,RMC  26,F0Ia,YellowSG*,F0Ia,3.832,4.927,N,SMC,10.462,10.446,10.384,9.459,,,4690503379910058624,1
276934352,83.54628199890391,-69.4290768823167,0.0867923842218512,1.7166099999999995,0.49363,11.5962,,YSG,SOI 641,A9Iab,SG*,A9Iab,3.832,4.697,N,LMC,10.824,10.826,10.879,9.774,,,4658035518782398720,11
276865044,83.66680086815721,-67.5026553209155,0.060497996253838,1.54176,0.584696,11.2877,,YSG,HD 269790,A5,SG*,A5Iab,3.833,4.4,N,LMC,11.498,11.498,11.718,9.545,,,4660115348103484672,11
277021897,83.9233301133525,-69.8541333043784,0.0930360057377419,1.7286700000000002,0.588621,10.5153,,YSG,HD 269809,G0,SG*,A4Iab,3.834,4.695,N,LMC,10.784,10.787,11.165,9.627,,,4657269296613822336,13
277101323,83.8796423514874,-66.7567093180562,0.095855643218485,1.49155,0.614549,11.598,,YSG,SK -66  161,F0Ia:,Star,F5I:,3.838,4.692,N,LMC,10.842,10.849,10.833,9.675,,,4660256089890068992,10
180609896,12.026303924296,-73.1105535655828,0.136433676540169,0.6733279999999999,-1.17509,11.1185,,YSG,SK   20,A0Ia,SG*,A0-A2Ia,3.841,4.594,N,SMC,11.16,11.216,10.108,7.034,,,4685948683034959232,2
276667896,83.152420569814,-70.80683528001941,0.103483202803541,1.99184,0.636919,11.7732,,YSG,HD 269719,F2Ia,Star,F5I,3.842,4.65,N,LMC,11.02,11.023,10.937,9.225,,,4657099529502235648,11
279957325,81.96335132091691,-69.0153788128196,0.0678144428708261,1.60225,0.500658,10.5398,,YSG,CD-69   310,F2I,Star,F2I,3.846,5.178,N,LMC,9.665,9.628,9.449,7.782,,,4658106269873047296,12
404768745,84.6540086178315,-69.0855215146918,0.18246463160303,1.88635,0.907908,11.8776,,YSG,RMC 137,B1.5IaNstr,BlueSG*,B1Ia,3.847,4.543,N,LMC,,,,,,,4657686286410997504,22
391813303,82.635141082248,-69.1533031052453,0.0866076010163571,1.58544,0.496004,10.6765,,YSG,HD 269651,B,Star,F0I,3.847,5.066,N,LMC,9.892,9.832,9.64,9.806,,,4658429698027802624,12
179445102,80.2651539715942,-68.0483517949132,0.170966775938505,1.63039,0.244626,11.1931,,YSG,SK -68   71,A0Ia,SG*,A0Ia,3.848,4.381,N,LMC,11.764,11.753,12.389,9.572,,,4658734022222988416,12
31106686,76.4812996782763,-67.8863697066475,0.131393284143352,1.62485,0.00777875,8.9469,,YSG,HD  33579,B,SG*,A2Ia+,3.854,5.716,N,LMC,8.349,8.29,8.087,7.947,,,4661472149794844288,12
404850840,85.1428337751613,-69.5568404266786,0.135817112648726,1.82308,0.7238,11.467,,YSG,CPD-69   490,B7I,Star,B7I,3.854,4.712,N,LMC,10.949,10.943,11.136,7.58,,,4657646154224259584,11
404851936,85.1538117109077,-69.32060913557311,0.0283936578849243,1.82454,0.549775,10.3992,,YSG,CPD-69   488,B6I,Star,B6I,3.857,4.629,N,LMC,11.175,11.161,10.522,8.728,,,4657672714302003584,10
277172433,84.23672142396849,-69.2717683125759,0.0753118887112606,1.77836,0.61987,11.9219,,YSG,CPD-69   430,B8I,Star,B8I,3.857,4.581,N,LMC,11.248,11.247,13.112,9.352,,,4657665777976572928,14
279957416,81.97337364627509,-69.0329090495226,0.0725992284662509,1.6901099999999998,0.766548,10.8295,,YSG,CD-69   312,A4Ia,Star,B5:I,3.861,5.045,N,LMC,10.055,10.015,9.831,9.311,,,4658106166793166464,12
277025859,84.0158030604584,-69.0250303452999,0.128877572987156,1.52645,0.5560069999999999,10.7696,,YSG,W61 27-27,B1.5I,Star,B1.5I,3.861,4.493,N,LMC,11.43,11.381,12.157,9.42,,,4657696250732265856,22
40716826,78.5184444067111,-67.2640376290837,0.0751961098950074,1.5222,0.0445904,11.2159,,YSG,HD 269187,A,SG*,A9Ia,3.862,4.887,N,LMC,10.541,10.53,10.509,9.539,,,4658832561630349952,11
276869095,83.600943003677,-69.0086395652649,0.107919046355265,1.69195,0.564862,11.026,,YSG,SK -69  190,A0Ia,Star,A3I,3.862,4.466,N,LMC,11.538,11.532,12.783,9.478,,,4658446152012708224,11
727599699,84.26084738768209,-69.6429560940682,0.3684226019424609,1.74263,0.534941,10.2545,,YSG,SK -69  227,O/B0,Star,OB,3.862,4.385,N,LMC,,,,,,,4657278608106736768,12
276865125,83.496131906127,-67.5377128371875,0.0940633755744466,1.58144,0.8170270000000001,11.2071,,YSG,SK -67  197,A0Ia,SG*,A0Ia,3.863,4.402,N,LMC,11.684,11.562,12.801,9.711,,,4660114630887759360,11
373679564,81.1849196657197,-69.6301236873029,0.181129652054415,1.62896,0.393511,10.7433,,YSG,SOI 606,F0I:,Star,A5Ib,3.864,4.603,N,LMC,11.186,11.261,11.923,9.159,,,4658064591496567040,12
179376451,79.96588265345109,-69.8857014024621,0.168302579827365,1.97893,0.257405,11.9609,,YSG,HD 269392,B6Iab,Star,B3I,3.865,4.605,N,LMC,11.149,11.155,9.557,8.101,,,4658139079030870272,23
40515236,77.614170147658,-69.1532514311365,0.0580690510628951,1.85681,0.189685,11.4376,,YSG,HD 269139,B,SG*,A0Ia,3.869,4.89,N,LMC,10.503,10.487,9.547,7.921,,,4658233400902503680,12
373522149,80.8478665237885,-69.6566181396287,0.0676640294475998,1.93871,0.3800159999999999,11.2767,,YSG,SOI 605,A3Ib,Star,A3Ib,3.869,4.398,N,LMC,11.833,11.923,12.311,9.181,,,4657981681469342976,12
404934352,85.3753720195913,-69.32535614116901,0.0998098950575162,1.85514,0.706176,11.7301,,YSG,HD 269998,F8,Star,F5I:,3.871,4.816,N,LMC,10.78,10.768,11.556,9.14,,,4657627084569451008,11
277025094,83.8052222241746,-69.24292504545559,0.0770347917255653,1.67733,0.628238,10.7108,,YSG,[M2002] LMC 162129,,Star,,3.871,4.383,N,LMC,11.73,11.709,10.115,5.141,,,4657668866020783360,11
40518041,77.5949562251389,-68.77328288319589,0.0599439616907116,1.86184,0.284369,9.1888,,YSG,HD 269128,B,BlueSG*,B2.5Ieq,3.872,5.134,N,LMC,9.692,9.474,8.551,5.563,,,4658269336800428672,25
277172664,84.2892686982312,-69.32451860016721,0.0440898774677983,1.83077,0.3259039999999999,10.3645,,YSG,2MASS J05370943-6919283,,Star,,3.876,4.612,N,LMC,11.271,11.263,10.56,7.384,,,4657664158727150336,12
404851207,85.0748754436623,-69.4685624871678,0.135795183619763,1.62774,0.6627850000000001,11.9962,,YSG,SOI 653,A0Ib,Star,A0Ib,3.878,4.582,N,LMC,,,,,,,4657648013989025024,11
181454398,13.513418661783302,-72.52908279575391,0.203608676094474,0.7488819999999999,-1.15028,11.704,,YSG,SK   58,A3I,SG*,A3Iab,3.879,4.841,N,SMC,11.067,11.093,11.056,9.463,,,4688992406109956992,2
425081475,82.9678411635959,-68.5441268290413,0.0863138763817438,1.60155,0.401278,8.8079,,YSG,HD 269700,BN?2Ia+,BlueSG*,B1.5Iaeq,3.882,5.069,N,LMC,10.187,10.12,10.993,9.327,,,4658474743652257664,21
30113151,73.7961913959783,-67.1695580718258,0.151215554271943,1.34573,-0.186987,9.6,,YSG,HD  32034,B/A(Ia),BlueSG*,B9Iae,3.884,5.491,N,LMC,9.052,8.978,8.662,8.512,,,4661730912968569984,11
276787778,83.25457643659229,-69.37479910993339,0.0885534258342872,1.7325,0.5398430000000001,11.557,,YSG,HD 269735,G5,SG*,A3Iab,3.884,4.807,N,LMC,10.881,10.891,11.848,9.69,,,4658036790092717056,11
277024372,84.0187920882484,-69.4023110977935,0.056916223899392,1.69084,0.599997,10.3586,,YSG,HD 269832,B,BlueSG*,B9Ia,3.884,5.259,N,LMC,9.815,9.768,9.678,9.502,,,4657658184472593152,12
404933915,85.50064131557029,-69.2124842953292,0.0651576129510815,1.69416,0.492063,10.2596,,YSG,CPD-69   505,A1Iab,SG*,A1Iab,3.885,4.792,N,LMC,10.872,10.894,12.558,9.093,,,4657633406761305728,10
231743190,78.3166889910064,-67.2964497472626,0.0909397204803666,1.5019999999999998,0.202209,11.6367,,YSG,HD 269171,B:,Star,A2I,3.887,4.762,N,LMC,11.045,11.053,10.167,8.389,,,4661833236264450560,12
276864037,83.5936155654464,-67.0232139793976,0.0836504721955186,1.54041,0.462425,9.7693,,YSG,HD 269781,A0Ia(e),SG*,A0Iae,3.891,5.433,N,LMC,9.359,9.31,9.097,9.194,,,4660246228686276096,10
179203855,79.44323739812329,-69.8492312596517,0.1589342665807259,1.96376,0.213925,9.7069,,YSG,HD 269327,B,Em*,OB,3.891,4.989,N,LMC,10.389,10.315,9.615,6.583,,,4658137739001073280,12
276793444,83.24236781825842,-67.5559758871072,0.1227159860875169,1.47538,0.612013,11.3361,,YSG,W61 24-94,A0:I,BlueSG*,B9Ia,3.892,4.434,N,LMC,11.808,11.813,10.481,7.462,,,4660120364625288320,11
180616968,11.9598074449677,-73.2396356055705,0.1035674684273159,0.75259,-1.11858,10.9621,,YSG,SK   19,A2,Star,B8I,3.895,4.742,N,SMC,11.527,11.57,11.97,9.108,,,4685943121123943680,2
277109064,84.08954278260909,-69.1132987511148,0.1320945221810019,1.6581,0.86179,11.7019,,YSG,HD 269846,F5,Em*,OB,3.896,4.71,N,LMC,11.18,11.15,11.261,8.29,,,4657691199850726528,11
179639033,80.6962832860647,-67.2063049083863,0.1045618507867749,1.58026,0.2194199999999999,11.8173,,YSG,SK -67   89,A3Ib,Star,A3Ib,3.896,4.677,N,LMC,11.302,11.314,11.275,9.938,,,4658882593740767104,10
389749856,87.26183616334059,-70.04170277113279,0.084739720051676,1.75551,0.8474860000000001,10.5609,,YSG,HD 270151,B2Ia,BlueSG*,B2Ia,3.897,4.635,N,LMC,11.413,11.393,9.803,5.753,,,4657383405304940928,21
391814255,82.5939879187955,-69.32748336278479,0.0429445752433718,1.84803,0.806624,10.6226,,YSG,HD 269649,B,Em*,OB,3.897,5.192,N,LMC,9.982,9.915,9.505,8.75,,,4658051874017859584,11
181050536,12.5253313607607,-73.129251549703,0.1055990430399209,0.724133,-1.21316,10.9775,,YSG,HD   4976,B5I,BlueSG*,B8Ia+,3.901,5.195,N,SMC,10.35,10.297,10.125,9.256,,,4685945663744993920,2
181042742,13.2134861308564,-73.1149008417201,0.184283933344245,0.619654,-1.17066,10.8453,,YSG,HD   5277,A2I,SG*,A0Ia,3.901,5.223,N,SMC,10.343,10.306,10.193,9.246,,,4685940441063717120,2
183117215,17.2368610375199,-73.0428819742245,0.0288888981521721,0.8805620000000001,-1.21381,11.1958,,YSG,RMC  43,A2I,SG*,A3Ia,3.901,5.063,N,SMC,10.679,10.678,10.476,8.764,,,4687207593802365568,1
30112388,73.73897519271979,-66.7524488528334,0.0287360215206962,1.60153,-0.170842,10.8099,,YSG,HD 268675,Oe5,BlueSG*,B8Ia,3.902,5.055,N,LMC,10.543,10.525,10.44,9.381,,,4661769941306044416,12
31015738,76.3363231519489,-70.74187116110129,0.1615220258582839,2.1503,0.0343848999999999,11.3713,,YSG,HD 269062,B,Em*,OB,3.905,4.842,N,LMC,11.074,11.033,10.801,9.129,,,4652033594043556096,12
279956577,82.1306978069882,-68.89881909948879,0.0506308491929594,1.59634,0.4887729999999999,10.6587,,YSG,HD 269604,B,SG*,A1Ia0,3.91,5.166,N,LMC,10.165,10.147,9.999,8.979,,,4658483986422695936,11
277100703,83.7510237050392,-67.0201909351108,0.126784809555813,1.75469,0.333553,10.6964,,YSG,HD 269807,A3,SG*,A5Ia,3.912,5.167,N,LMC,10.19,10.186,10.154,9.587,,,4660245300928732160,10
180792166,12.631591491061098,-73.4784869712521,0.0537492926650714,0.41528,-1.26258,11.1122,,YSG,HD   5030,A2I,BlueSG*,B9Ia+,3.914,5.142,N,SMC,10.623,10.585,10.436,9.318,,,4685876050900066176,2
404852071,85.2033549358579,-69.280890038232,0.0997326155405139,1.80118,0.532691,10.298,,YSG,CPD-69   491,B3I,Star,B3I,3.914,4.665,N,LMC,11.418,11.423,12.594,9.339,,,4657674745869490304,22
287403631,82.35428793318759,-68.4669761054283,0.124513446702368,1.55343,0.5466300000000001,11.3783,,YSG,HD 269619,B,SG*,B9IaKn,3.914,4.968,N,LMC,10.662,10.636,10.53,7.608,,,4658478454503759104,11
294872353,71.76854551952691,-67.1147553293165,0.135152973854167,0.753869,0.829608,11.1905,,YSG,HD 270754,B,BlueSG*,B1.5Ia,3.915,4.927,N,LMC,10.828,10.749,9.435,6.073,,,4662413606586588160,24
181042827,12.4636404343103,-72.9292372324884,0.117534984977905,0.724308,-1.2784,11.2711,,YSG,SK   31,B2.5Ia,BlueSG*,B2Ia,3.916,5.152,N,SMC,10.98,10.973,10.811,7.315,,,4688954064955069056,2
181879931,14.6717873627402,-72.4376208804002,0.0927726233048539,0.7870119999999999,-1.1776799999999998,11.4419,,YSG,SK   74,A0Ia,SG*,A0Ia,3.921,5.016,N,SMC,11.038,11.035,10.846,8.309,,,4688997182119974912,1
391810734,82.6576972583833,-68.4108887575286,0.0957155075677576,1.49475,0.97193,11.1229,,YSG,HD 269655,A5,BlueSG*,B0Ia,3.924,4.497,N,LMC,12.018,11.989,11.149,6.692,,,4658479691454645504,23
179204591,79.3868541910253,-69.75209166534411,0.151548749558908,1.93411,0.5739920000000001,11.8896,,YSG,HD 269316,A7,SG*,A1Ia,3.925,4.805,N,LMC,11.094,11.104,9.57,8.068,,,4658144202986261120,13
30722560,75.3843553372078,-68.1785943385253,0.104428495437689,1.73082,0.124048,11.635,,YSG,SK -68   26,BC2Ia,BlueSG*,BC2Ia,3.926,4.823,N,LMC,11.082,11.044,10.587,9.213,,,4661359346788463616,12
404933493,85.3349733801108,-69.0853542083275,0.0314871023575863,1.65792,0.889732,9.3131,,YSG,HD 269997,B,BlueSG*,B2.5Ia,3.927,4.97,N,LMC,10.779,10.744,10.626,6.797,,,4657636675267019008,23
277099961,83.961632704799,-67.44151444584121,0.0530824694889388,1.51272,0.6716840000000001,11.8614,,YSG,HD 269841,A0,SG*,A0Ia,3.93,4.802,N,LMC,11.279,11.275,11.116,9.492,,,4660135929586764416,11
277298575,84.3508952252348,-69.4322591447023,0.13565892060159,1.76217,0.584904,10.8178,,YSG,CPD-69   437,A0Ia,Star,B3:I,3.933,4.699,N,LMC,11.532,11.531,12.897,9.243,,,4657657286779484800,12
277172038,84.071218233468,-69.1843558089206,0.0905444874220371,1.72905,0.795666,11.8682,,YSG,CPD-69   416,B1Iab,BlueSG*,BC1Ia,3.937,4.715,N,LMC,11.395,11.397,10.268,6.22,,,4657667427243720576,11
40717315,78.50801725134859,-67.45195578742121,0.162633128102245,1.5345799999999998,-0.002495,10.1264,,YSG,HD 269195,B,BlueSG*,B8Ia,3.937,4.986,N,LMC,10.792,10.78,12.351,6.612,,,4658823082671069312,11
182730111,15.706708381956698,-72.1706890221054,0.0499529153909195,1.04256,-1.17631,10.8227,,YSG,CPD-72    77,A0Ia,BlueSG*,B9Ia,3.937,5.279,N,SMC,10.486,10.473,10.397,8.891,,,4690502280398446720,1
425084965,83.0797697367152,-66.9979193649152,0.1131723144865359,1.4198,0.382829,11.5071,,YSG,HD 269721,B7I,Star,B7I,3.939,4.856,N,LMC,11.198,11.201,11.172,9.747,,,4660166445377423232,11
287400952,82.5051782260799,-67.243583773351,0.1028514979630819,1.56849,0.471046,11.9744,,YSG,HD 269638,A5,SG*,A2Iab,3.944,4.721,N,LMC,11.561,11.589,12.268,9.938,,,4660180670310935680,11
182730312,16.2204561715908,-72.143551334145,0.0461808135040823,0.6227699999999999,-1.21343,11.2006,,YSG,RMC  37,B9I,BlueSG*,B9Ia+,3.945,5.157,N,SMC,10.798,10.765,10.631,9.614,,,4687507245097014144,2
40516899,77.4710621188781,-68.9271840291859,0.159279712820434,1.93995,-0.0852586,11.9792,,YSG,HD 269116,B:,BlueSG*,B0.7Ia,3.946,4.686,N,LMC,11.546,11.525,8.746,3.992,,,4658260746865837312,13
31109182,76.30091922077,-66.7368252914217,0.0291777569974404,1.57119,-0.00031937,10.2425,,YSG,HD 268946,Oe,SG*,A0Ia,3.946,5.398,N,LMC,9.767,9.737,9.522,8.807,,,4661920991030456576,12
391746270,82.8034307439246,-67.2522119781921,0.0738870246448723,1.4989,0.363185,11.6078,,YSG,HD 269678,A,SG*,A1I,3.95,4.875,N,LMC,11.233,11.238,11.243,9.748,,,4660134628256695424,11
277300709,84.4547335492661,-68.9171229119857,0.0535828178840744,1.58606,0.987343,9.2641,,YSG,HD 269896,B,BlueSG*,ON9.7Ia+,3.953,4.938,N,LMC,10.992,10.916,10.721,7.035,,,4657700790554314752,11
276863889,83.64317381614471,-66.9731733144206,0.0727888216878428,1.50499,0.505239,10.7046,,YSG,HD 269787,B5:,SG*,A0Ia0,3.955,5.241,N,LMC,10.316,10.306,10.145,9.077,,,4660246606598419968,10
404965983,85.3251287100982,-69.498375367145,0.0701729033928418,1.8755,0.687196,11.6177,,YSG,2MASS J05411804-6929541,,Star,,3.955,4.463,N,LMC,12.194,12.226,11.059,9.308,,,4657601074247518336,11
30275228,74.1662812081429,-66.7435290003571,0.0155041193240584,1.7527400000000002,-0.0512687999999999,11.4898,,YSG,HD 268727,B,SG*,A0Ia,3.956,4.91,N,LMC,11.164,11.16,11.022,9.096,,,4662140893372821888,12
287400996,82.5295559265208,-67.26199839982199,0.0963055827687729,1.6938400000000002,0.395702,11.4847,,YSG,HD 269639,B,BlueSG*,B7Ia+,3.956,4.925,N,LMC,11.189,11.184,11.046,9.408,,,4660180567231735296,11
179637509,80.4752706684435,-67.9146949900877,0.173820148579281,1.69446,0.371053,11.9518,,YSG,HD 269412,B,Star,OB,3.963,4.698,N,LMC,11.662,11.558,7.94,3.568,,,4658741748843205888,11
276793626,83.3621408088447,-67.485632471205,0.0799246898657127,1.6409900000000002,0.647734,10.7479,,YSG,SK -67  189,B3:I,Star,OB,3.963,4.8,N,LMC,11.381,11.381,9.99,7.681,,,4660126789896360704,11
30848631,75.80674868014,-68.55982862715139,0.136182839860122,1.69492,0.0982656,11.7871,,YSG,HD 268949,A3Ia+,SG*,A0Ia,3.968,4.858,N,LMC,11.407,11.424,11.85,9.594,,,4661332713633908224,12
276863576,83.4896713758205,-66.85475110287679,0.0657430982051278,1.5519,0.642725,11.4095,,YSG,HD 269766,B,BlueSG*,B8Ia,3.968,4.947,N,LMC,11.217,11.222,11.132,9.258,,,4660260487980140032,11
391746008,82.8247841116537,-67.1569628946045,0.111099978374151,1.70462,0.551602,11.5848,,YSG,HD 269684,B,BlueSG*,B9Ia,3.969,4.869,N,LMC,11.387,11.404,11.306,9.914,,,4660158817514447104,10
389363675,85.56405366772509,-69.2224195259062,0.0184619266362342,1.6576799999999998,0.423688,11.0693,,YSG,W61  6-77,B2III,Star,B2III,3.969,4.502,N,LMC,12.094,12.096,12.362,9.322,,,4657634678071626368,23
179208856,79.499222578814,-69.2707410006915,0.0699970865741857,1.6481400000000002,0.192001,10.1903,,YSG,TYC 9162-199-1,A2I,Star,A2I,3.971,4.689,N,LMC,11.639,11.66,13.151,6.41,,,4658193573577747968,11
181446250,13.2703677202242,-72.6333727846161,0.142239878497209,0.681701,-1.03491,10.8459,,YSG,HD   5291,OB,BlueSG*,B6Ia,3.973,5.353,N,SMC,10.469,10.451,10.231,8.652,,,4688967362197739392,2
394214422,10.7985252237866,-73.3863190065547,0.15378386127326,0.6664180000000001,-1.11532,11.9296,,YSG,LHA 115-S   2,B6Ia0:ek,BlueSG*,B8Ia+,3.973,4.901,N,SMC,11.357,11.304,10.674,9.132,,,4685844611714603264,2
276864600,83.5769240904612,-67.3038084618584,0.0146902794508379,1.37301,0.794582,11.1527,,YSG,HD 269777,B,BlueSG*,B3Ia,3.976,5.067,N,LMC,11.015,11.004,10.978,9.981,,,4660142634076536320,20
389364321,85.548142834822,-69.0275880850136,0.1193395184148339,1.64212,0.737808,10.0064,,YSG,HD 270019,F5,Candidate_post-AGB*,OB,3.979,4.702,N,LMC,11.964,11.954,11.849,6.431,,,4657730168102936704,10
276936320,83.65036910535379,-69.76013941539661,0.0075820711324203,1.64198,0.341436,10.7447,,YSG,CPD-69   394,B0I,WR*,B0I+WN,3.984,4.571,N,LMC,11.948,11.918,10.489,9.137,,,4657273557221379072,23
277172728,84.28824448301259,-69.3387519982332,0.110476785307004,1.9068,0.705153,10.5402,,YSG,CPD-69   436,BC1.5Ia,BlueSG*,BC1.5Ia,3.985,4.714,N,LMC,11.76,11.756,10.734,7.064,,,4657664055647935872,12
276864697,83.70904289971129,-67.3534707009744,0.111673162562965,1.50974,0.666917,10.9007,,YSG,HD 269797,B9Ia,BlueSG*,B9Ia0:(e?),3.988,5.243,N,LMC,10.558,10.544,10.058,7.843,,,4660141568887541888,10
404967301,85.3653140103441,-69.8010422433435,0.0573481677075503,1.96924,0.734628,9.2562,,YSG,HD 269992,B2.5Ia,BlueSG*,B2.5Ia,3.99,5.096,N,LMC,10.852,10.827,10.176,8.975,,,4657589254497529344,23
276869010,83.5415462671838,-68.9868468234206,0.078821557251895,1.5723,0.569803,10.3008,,YSG,HD 269762,B,SG*,A2Ia,3.992,5.065,N,LMC,10.964,10.971,11.36,9.543,,,4658446534303764096,11
179586885,80.4863425000288,-69.44843229087479,0.0574277550649703,1.865,0.3614429999999999,11.6269,,YSG,HD 269433,B8:,Star,B8I,3.993,4.941,N,LMC,11.394,11.421,10.965,9.575,,,4658082183688811648,12
277022505,83.7650101480228,-69.7505643482814,0.0340858132527185,1.87152,0.508153,9.6554,,YSG,HD 269786,B,Star,B1I,4.0,5.116,N,LMC,10.901,10.894,11.488,8.87,,,4657274283151403520,23
30759304,75.4383059786688,-70.5978236998576,0.135763737233023,1.88743,0.0366995,11.6059,,YSG,HD 268971,B,SG*,A0Ia,4.001,4.966,N,LMC,11.352,11.352,11.154,9.58,,,4655053059131622016,13
276860194,83.24129994913041,-66.8427945827016,0.135584255799026,1.47802,0.541465,11.8172,,YSG,HD 269741,B8:,Star,B9I,4.001,4.887,N,LMC,11.553,11.562,11.421,9.758,,,4660260178702038656,11
279951435,82.2049156648171,-66.9934196722445,0.124718702940508,1.66093,0.459126,11.5599,,YSG,HD 269606,B,BlueSG*,B7Ia,4.008,4.971,N,LMC,11.413,11.427,11.383,9.903,,,4660211009940616192,11
391809072,82.5652510912113,-67.5394040410773,0.128289601337062,1.44136,0.372573,11.2384,,YSG,HD 269644,B,BlueSG*,B6Ia,4.017,5.139,N,LMC,11.038,11.042,10.98,9.988,,,4660170151886182912,11
179304909,79.62570750345309,-69.22057017576421,0.0526434218600853,1.69753,0.239486,9.7763,,YSG,SK -69   99,A0I,Star,A0I,4.022,4.973,N,LMC,11.46,11.512,10.652,5.038,,,4658287723608945792,11
30113318,73.6839042880292,-67.24737619923921,0.0569860288830634,1.6476,-0.111928,11.7449,,YSG,HD 268690,B,BlueSG*,B7Ia,4.026,4.969,N,LMC,11.507,11.509,11.748,9.734,,,4661728915783666560,12
40343782,77.4383059321744,-68.7694099757683,0.0767909727456865,1.76017,-0.125497,10.5774,,YSG,HD 269101,B3Iab,BlueSG*,B3Iab,4.027,4.799,N,LMC,11.623,11.201,7.533,4.305,,,4661270350708775296,25
373765872,81.54923945691459,-71.5612883034313,0.0715070572261433,1.99083,0.233238,11.6748,,YSG,HD 269547,A2Ia+,BlueSG*,B5Ia,4.027,5.066,N,LMC,11.256,11.259,11.616,9.555,,,4651718416491381120,11
40515514,77.4950175641342,-69.1171627054968,0.0266714722348529,2.31089,0.180033,11.5257,,YSG,SK -69   68,B1II,Star,B1II,4.029,4.611,N,LMC,11.806,11.884,10.974,9.724,,,4658234431694512000,24
40796053,78.525035571687,-69.34262774208551,0.0750032362239973,1.86698,0.3070469999999999,10.83,,YSG,2MASS J05140600-6920334,,Star,,4.033,4.67,N,LMC,,,,,,,4658236149682150656,11
30317301,74.28356450204441,-68.4200818505455,0.0307033467112152,1.94229,-0.0740644999999999,10.1029,,YSG,HD 268798,B:,BlueSG*,B2Ia,4.033,5.071,N,LMC,11.225,11.268,9.651,4.244,,,4661511422956353152,24
373521839,80.967937905865,-69.6908413083635,0.0390968694096181,1.94917,0.196966,11.154000000000002,,YSG,SK -69  118,B2,Candidate_YSO,OB,4.035,4.692,N,LMC,12.064,12.065,9.983,5.218,,,4657980650677649664,12
276864021,83.5126376877046,-67.0165553878979,0.0764069368159634,1.58519,0.585907,11.9031,,YSG,SK -67  198,B7I,Star,B7I,4.035,4.931,N,LMC,11.734,11.758,11.762,9.936,,,4660164177635034112,10
276936458,83.62856914816301,-69.7810478054192,0.0742282215335759,1.78263,0.525752,10.6998,,YSG,HD 269769,B0.5I,Star,B0.5I,4.037,4.714,N,LMC,,,,,,,4657273419782426112,23
182730317,16.205623685057002,-72.106040186988,0.0553459585538666,0.664882,-1.27243,11.448,,YSG,RMC  36,B3:Iak,BlueSG*,B3Ia,4.044,5.307,N,SMC,11.204,11.192,11.061,9.228,,,4687507584364583040,1
180792170,12.6599456728696,-73.4717379601234,0.0581212361403008,0.543531,-1.24318,11.1544,,YSG,HD   5045,B2:I:,BlueSG*,B1.5Ia+,4.044,5.435,N,SMC,10.896,10.853,10.681,9.225,,,4685876050900042880,2
182905190,16.4846632881,-72.3291002415816,0.0572869545979457,0.986675,-1.25793,11.6057,,YSG,LHA 115-S  45,B1.5Ia:,BlueSG*,B2Ia,4.058,5.302,N,SMC,11.192,11.145,10.694,7.014,,,4687488965713758336,2
180609595,12.2623744569179,-73.3613690958724,0.0512174396061143,0.833683,-1.25834,11.2247,,YSG,HD   4862,B2I,BlueSG*,B5Ia,4.073,5.527,N,SMC,10.897,10.912,11.226,9.238,,,4685926800243102848,2
180609829,11.9114177844057,-73.1302368575047,0.102761422998143,0.8418399999999999,-1.16734,10.9665,,YSG,BBB SMC 259,B5I(e),BlueSG*,B5Ia,4.123,5.212,N,SMC,12.036,12.045,12.627,8.956,,,4685948275085827328,2
